firstName,lastName,email
Laurence,Pray
Golden,Cornman
Alise,Iglesia
Vicky,Culligan
Rudy,Mcgee
Tinisha,Harju
Khalilah,Romero
Clarice,Northrop
Rosalia,Imboden
Marylin,Hempel
Margrett,Tuten
Osvaldo,Bagnell
Julius,Mancino
Chasity,Janes
Alton,Delmonte
Ria,Rainwater
Alonzo,Leger
Jonelle,Lamy
Shavonda,Gallego
Tasha,Lubinski
Barbera,Burkhardt
Jarred,Mcchristian
Leslie,Crozier
Jake,Bonn
Lacresha,Warf
Shenika,Krouse
Temika,Byers
Herb,Kohen
Jayme,Hudak
Alethia,Bendel
Ferdinand,Alleyne
Terina,Ly
Nilda,Oglesbee
Daryl,Medford
Tennille,Fricke
Kayce,Pawlowski
Larhonda,Stoltzfus
Christia,Kocian
Marian,Mckamey
Julee,Marinez
Rose,Huggett
Bret,Quesada
Alesha,Shahid
Shonda,Townley
Sheridan,Bibb
Gertrudis,Schuler
Hilma,Simmons
Golda,Goodall
Juanita,Kyllonen
Krystina,Breaux
